Techstack,Links
"React, Node.js, MongoDB",https://example.com/react-portfolio
"Angular, Express, MySQL",https://example.com/angular-portfolio
"Vue, Flask, PostgreSQL",https://example.com/vue-portfolio
"Svelte, Node.js, SQLite",https://example.com/svelte-portfolio
"React, Django, MongoDB",https://example.com/react-django
"Next.js, Express, MongoDB",https://example.com/nextjs-portfolio
"Nuxt.js, FastAPI, MySQL",https://example.com/nuxtjs-portfolio
"HTML, CSS, Vanilla JS",https://example.com/html-css
"Flutter, Django, SQLite",https://example.com/flutter-django11
"Vue, Laravel, MySQL",https://example.com/vue-laravel12
"SvelteKit, Python, MongoDB",https://example.com/sveltekit13
"Ember.js, Express, PostgreSQL",https://example.com/ember-express14
"Next.js, Python, Firestore",https://example.com/nextjs15
"React, PHP, MySQL",https://example.com/react-php16
"Vue, ASP.NET, SQL Server",https://example.com/vue-dotnet17
"Angular, Flask, SQLite",https://example.com/angular-flask18
"React, Ruby on Rails, PostgreSQL",https://example.com/react-rails19
"Svelte, Node.js, Firestore",https://example.com/svelte20
"Next.js, Express, DynamoDB",https://example.com/nextjs-dynamodb21
"React, Go, MongoDB",https://example.com/react-go22
"Nuxt.js, PHP, MySQL",https://example.com/nuxtjs-php23
"Angular, Firebase, Firestore",https://example.com/angular-firebase24
"Vue, Node.js, MariaDB",https://example.com/vue-mariadb25
"SvelteKit, Django, MySQL",https://example.com/sveltekit-django26
"Ember.js, Flask, PostgreSQL",https://example.com/ember-flask27
"React, Laravel, SQLite",https://example.com/react-laravel28
"Angular, .NET Core, SQL Server",https://example.com/angular-dotnet29
"Vue, Firebase, SQLite",https://example.com/vue-firebase30